batch-fun-ab6347,file_1
batch-fun-ab6347,file_2
batch-fun-ab6347,file_3
batch-fun-ab6347,file_4
batch-fun-ab6347,file_5
batch-fun-ab6347,file_6
batch-fun-ab6347,file_7
batch-fun-ab6347,file_8
batch-fun-ab6347,file_9
batch-fun-ab6347,file_19
batch-fun-ab6347,file_11
batch-fun-ab6347,file_12
batch-fun-ab6347,file_13
batch-fun-ab6347,file_14
batch-fun-ab6347,file_15
batch-fun-ab6347,file_16
batch-fun-ab6347,file_17
batch-fun-ab6347,file_18
batch-fun-ab6347,file_19
batch-fun-ab6347,file_20
